Security Code,Company name,Industry,Purpose,Meeting Date,Announcement Date
507526,ASALCBR,Fast Moving Consumer Goods,General,01 Apr 2026,25/03/2026
524606,BERLDRG,Healthcare,General,01 Apr 2026,20/03/2026
532015,GRAVITY,Textiles,Right Issue of Equity Shares,01 Apr 2026,25/03/2026
544676,YAJUR,Textiles,General,01 Apr 2026,01/04/2026
519477,CIANAGRO,Fast Moving Consumer Goods,Amalgamation,02 Apr 2026,25/03/2026
544053,MOTISONS,Consumer Durables,General,02 Apr 2026,27/03/2026
539143,PANTH,Diversified,Issue Of Warrants;General,02 Apr 2026,25/03/2026
505703,SATANIBRG,Capital Goods,General;Stock  Split,02 Apr 2026,27/03/2026
540168,SUPRAPFSL,Financial Services,General,02 Apr 2026,27/03/2026
500250,LGBBROSLTD,Automobile and Auto Components,Audited Results;Final Dividend,02 May 2026,27/03/2026
531300,AMITINT,Textiles,General,03 Apr 2026,30/03/2026
505032,AUTOPRD,Automobile and Auto Components,Rights Issue,03 Apr 2026,27/03/2026
530643,ECORECO,Utilities,General;Preferential Issue of shares,03 Apr 2026,30/03/2026
512008,EFCIL,Services,General,03 Apr 2026,01/04/2026
532022,FILATFASH,Textiles,General,03 Apr 2026,30/03/2026
507968,JOLYPLS,Financial Services,Preferential Issue of shares,03 Apr 2026,01/04/2026
540756,KAARYAFSL,Services,General,03 Apr 2026,27/03/2026
521167,MAXGROW,Consumer Durables,General;Quarterly Results,03 Apr 2026,01/04/2026
531282,VIRPOLY,Capital Goods,General,03 Apr 2026,01/04/2026
543331,MOL,Chemicals,Amalgamation,04 Apr 2026,01/04/2026
531572,RANJITSE,Financial Services,General,04 Apr 2026,01/04/2026
503691,SAHARA,Media  Entertainment & Publication,Quarterly Results,04 Apr 2026,30/03/2026
532435,SANINFRA,Oil  Gas & Consumable Fuels,Consolidation of Shares;General,04 Apr 2026,01/04/2026
512345,YASTF,Financial Services,Increase in Authorised Capital;General;Stock  Split,04 Apr 2026,01/04/2026
543232,CAMS,Financial Services,Audited Results;Final Dividend;Quarterly Results,04 May 2026,02/04/2026
542867,CSBBANK,Financial Services,Audited Results,04 May 2026,06/04/2026
544387,DESCO,Construction,Half Yearly Results,04 May 2026,02/04/2026
500086,EXIDEIND,Automobile and Auto Components,Audited Results;Final Dividend,04 May 2026,01/04/2026
543398,LATENTVIEW,Information Technology,Audited Results,04 May 2026,24/03/2026
532541,COFORGE,Information Technology,Audited Results;Interim Dividend,05 May 2026,30/03/2026
500171,GHCL,Chemicals,Audited Results;Final Dividend,05 May 2026,08/04/2026
500520,M&M,Automobile and Auto Components,A.G.M.;Audited Results;Dividend;General,05 May 2026,24/03/2026
524000,POONAWALLA,Financial Services,Audited Results;Final Dividend;Quarterly Results,05 May 2026,30/03/2026
532478,UBL,Fast Moving Consumer Goods,Audited Results;Final Dividend,05 May 2026,06/04/2026
521097,AMARJOTHI,Textiles,General,06 Apr 2026,06/04/2026
524804,AUROPHARMA,Healthcare,Buy Back of Shares,06 Apr 2026,01/04/2026
543910,AVG,Services,Right Issue of Equity Shares;Issue Of Warrants;Preferential Issue of shares,06 Apr 2026,30/03/2026
512608,BHANDARI,Textiles,General,06 Apr 2026,30/03/2026
539607,BLUECLOUDS,Information Technology,Increase in Authorised Capital;Preferential Issue of shares,06 Apr 2026,06/04/2026
531472,CYBELEIND,Capital Goods,General,06 Apr 2026,30/03/2026
540063,ECS,Information Technology,General,06 Apr 2026,02/04/2026
540266,GLCL,Services,Quarterly Results,06 Apr 2026,01/04/2026
532951,GSS,Information Technology,General,06 Apr 2026,06/04/2026
539224,HCKKVENTURE,Diversified,General,06 Apr 2026,01/04/2026
532847,HILTON,Capital Goods,Right Issue of Equity Shares;General,06 Apr 2026,06/04/2026
526935,KALIND,Services,General,06 Apr 2026,06/04/2026
539910,KOCL,Media  Entertainment & Publication,General,06 Apr 2026,06/04/2026
543425,MAPMYINDIA,Information Technology,General,06 Apr 2026,06/04/2026
506906,SCBL,Services,General,06 Apr 2026,06/04/2026
526839,SIPL,Construction,General,06 Apr 2026,01/04/2026
513575,STERPOW,Capital Goods,Quarterly Results,06 Apr 2026,30/03/2026
530795,SUNCITYSY,Textiles,General,06 Apr 2026,06/04/2026
514236,TTLEL,Services,General,06 Apr 2026,06/04/2026
534741,VIRTUALG,Consumer Services,General,06 Apr 2026,01/04/2026
512431,WHITHAL,Services,General,06 Apr 2026,06/04/2026
543335,APTUS,Financial Services,Audited Results;Interim Dividend;General,06 May 2026,09/04/2026
532977,BAJAJ-AUTO,Automobile and Auto Components,Final Dividend;Quarterly Results,06 May 2026,13/04/2026
500067,BLUESTARCO,Consumer Durables,Audited Results;Final Dividend,06 May 2026,27/03/2026
532424,GODREJCP,Fast Moving Consumer Goods,Audited Results;Interim Dividend;Quarterly Results,06 May 2026,01/04/2026
505893,HINDHARD,Automobile and Auto Components,Audited Results;Dividend,06 May 2026,08/04/2026
500165,KANSAINER,Consumer Durables,Audited Results;Final Dividend,06 May 2026,23/03/2026
532661,RML,Automobile and Auto Components,Audited Results,06 May 2026,30/03/2026
500387,SHREECEM,Construction Materials,Audited Results;Final Dividend,06 May 2026,24/03/2026
530889,ALKA,Textiles,A.G.M.;Audited Results;Bonus issue;Final Dividend;General;Quarterly Results,07 Apr 2026,01/04/2026
512109,AVIVA,Services,General,07 Apr 2026,07/04/2026
531723,GATECH,Financial Services,General,07 Apr 2026,30/03/2026
570005,GATECHDVR,Financial Services,General,07 Apr 2026,30/03/2026
544525,GKENERGY,Construction,General,07 Apr 2026,07/04/2026
513059,GSAUTO,Automobile and Auto Components,Right Issue of Equity Shares;General,07 Apr 2026,06/04/2026
543546,HEALTHYLIFE,Fast Moving Consumer Goods,Increase in Authorised Capital;General,07 Apr 2026,07/04/2026
526899,HFIL,Fast Moving Consumer Goods,Increase in Authorised Capital,07 Apr 2026,06/04/2026
531997,IKOMA,Capital Goods,General;Quarterly Results,07 Apr 2026,06/04/2026
516030,PAKKA,Forest Materials,Increase in Authorised Capital;General;Preferential Issue of shares,07 Apr 2026,01/04/2026
544379,PRABHA,Oil  Gas & Consumable Fuels,Right Issue of Equity Shares;General,07 Apr 2026,07/04/2026
544410,PROSTARM,Capital Goods,General,07 Apr 2026,07/04/2026
544391,RETAGGIO,Consumer Durables,General,07 Apr 2026,07/04/2026
533018,SIMPLXMIL,Textiles,General,07 Apr 2026,07/04/2026
538943,SONAL,Financial Services,General,07 Apr 2026,07/04/2026
500421,TPINDIA,Capital Goods,Right Issue of Equity Shares;General,07 Apr 2026,02/04/2026
512018,TTGIL,Financial Services,General,07 Apr 2026,07/04/2026
514378,YARNSYN,Services,General,07 Apr 2026,07/04/2026
500490,BAJAJHLDNG,Financial Services,Audited Results;Final Dividend,07 May 2026,07/04/2026
500096,DABUR,Fast Moving Consumer Goods,Audited Results;Final Dividend,07 May 2026,23/03/2026
533104,GLOBUSSPR,Fast Moving Consumer Goods,Audited Results;Dividend,07 May 2026,30/03/2026
500730,NOCIL,Chemicals,Audited Results;Final Dividend,07 May 2026,09/04/2026
500331,PIDILITIND,Chemicals,Audited Results;Final Dividend,07 May 2026,10/04/2026
517447,RSSOFTWARE,Information Technology,Audited Results,07 May 2026,13/04/2026
534612,AMTL,Power,General,08 Apr 2026,01/04/2026
530943,AQYLON,Media  Entertainment & Publication,Audited Results;General;Quarterly Results,08 Apr 2026,06/04/2026
531647,BJDUP,Forest Materials,Increase in Authorised Capital;Preferential Issue of shares,08 Apr 2026,06/04/2026
500530,BOSCHLTD,Automobile and Auto Components,General;Preferential Issue of shares,08 Apr 2026,01/04/2026
531237,DHRUVCA,Financial Services,Scheme of Arrangement,08 Apr 2026,08/04/2026
539552,FMEC,Financial Services,Bonus issue;General;Stock  Split,08 Apr 2026,02/04/2026
539947,JLL,Financial Services,Audited Results;Quarterly Results,08 Apr 2026,01/04/2026
543542,KESAR,Realty,Audited Results,08 Apr 2026,06/04/2026
540730,MEHAI,Services,General,08 Apr 2026,06/04/2026
526570,MIDWEST,Construction Materials,General,08 Apr 2026,08/04/2026
514060,NEWTRAC,Services,General,08 Apr 2026,02/04/2026
524055,PANIDPR,Services,Scheme of Arrangement,08 Apr 2026,01/04/2026
538212,SHARPINV,Financial Services,General,08 Apr 2026,01/04/2026
544686,SHAYONAENG,Capital Goods,General,08 Apr 2026,06/04/2026
511218,SHRIRAMFIN,Financial Services,General,08 Apr 2026,08/04/2026
533001,SOMICONVEY,Capital Goods,General,08 Apr 2026,06/04/2026
544531,TRUECOLORS,Capital Goods,General,08 Apr 2026,08/04/2026
500002,ABB,Capital Goods,Quarterly Results,08 May 2026,01/04/2026
500339,RAIN,Chemicals,Quarterly Results,08 May 2026,30/03/2026
539773,ADVIKCA,Financial Services,General,09 Apr 2026,09/04/2026
543415,ANANDRATHI,Financial Services,Audited Results;Bonus issue;Final Dividend,09 Apr 2026,30/03/2026
500493,BHARATFORG,Automobile and Auto Components,General,09 Apr 2026,09/04/2026
530309,CHANDRAP,Services,General,09 Apr 2026,09/04/2026
539800,CHDCHEM,Chemicals,General,09 Apr 2026,06/04/2026
543606,CONTAINE,Capital Goods,General,09 Apr 2026,09/04/2026
504351,EMPOWER,Information Technology,General,09 Apr 2026,09/04/2026
539730,FREDUN,Healthcare,General,09 Apr 2026,09/04/2026
531911,GALAGEX,Capital Goods,General,09 Apr 2026,02/04/2026
543245,GLAND,Healthcare,General,09 Apr 2026,09/04/2026
507488,GMBREW,Fast Moving Consumer Goods,Audited Results;Final Dividend,09 Apr 2026,23/03/2026
540377,IFL,Services,General,09 Apr 2026,08/04/2026
526445,INDRANIB,Fast Moving Consumer Goods,Scheme of Arrangement,09 Apr 2026,06/04/2026
543522,NVENTURES,Metals & Mining,General,09 Apr 2026,09/04/2026
500313,OILCOUNTUB,Oil  Gas & Consumable Fuels,General,09 Apr 2026,09/04/2026
523628,PODDARHOUS,Realty,General,09 Apr 2026,08/04/2026
533285,RDBIPL,Realty,General,09 Apr 2026,09/04/2026
544731,RSL,Capital Goods,Quarterly Results,09 Apr 2026,06/04/2026
500350,RSWM,Textiles,Issue Of Warrants;General,09 Apr 2026,06/04/2026
532785,RUCHIRA,Forest Materials,General,09 Apr 2026,09/04/2026
531771,SHRADDHA,Realty,General,09 Apr 2026,09/04/2026
543598,SISL,Realty,Rights Issue,09 Apr 2026,01/04/2026
542232,SRD,Chemicals,General,09 Apr 2026,09/04/2026
513262,SSWL,Automobile and Auto Components,General,09 Apr 2026,09/04/2026
532540,TCS,Information Technology,Audited Results;Final Dividend,09 Apr 2026,23/03/2026
533146,DLINKINDIA,Information Technology,Audited Results;Final Dividend;General;Quarterly Results,09 May 2026,07/04/2026
502420,ORIENTPPR,Forest Materials,Audited Results;General,09 May 2026,10/04/2026
537292,AGRITECH,Fast Moving Consumer Goods,Audited Results;Quarterly Results,10 Apr 2026,06/04/2026
531400,ALMONDZ,Financial Services,Preferential Issue of shares,10 Apr 2026,07/04/2026
539251,BALKRISHNA,Forest Materials,General,10 Apr 2026,10/04/2026
540199,CMBL,Financial Services,General,10 Apr 2026,10/04/2026
543606,CONTAINE,Capital Goods,General,10 Apr 2026,10/04/2026
514402,ECOHOTELS,Consumer Services,Audited Results;General,10 Apr 2026,06/04/2026
533477,ENKEIWHEL,Automobile and Auto Components,General,10 Apr 2026,10/04/2026
544164,FAALCON,Capital Goods,General,10 Apr 2026,06/04/2026
539216,GARMNTMNTR,Textiles,Rights Issue,10 Apr 2026,10/04/2026
532425,GENUSPRIME,Chemicals,Scheme of Arrangement,10 Apr 2026,10/04/2026
531531,HATSUN,Fast Moving Consumer Goods,General,10 Apr 2026,10/04/2026
544732,INNOVISION,Services,General,10 Apr 2026,10/04/2026
526671,MKEL,Metals & Mining,General,10 Apr 2026,10/04/2026
512065,MRUTR,Financial Services,General,10 Apr 2026,10/04/2026
533398,MUTHOOTFIN,Financial Services,Interim Dividend;General,10 Apr 2026,07/04/2026
512489,OASISEC,Financial Services,Right Issue of Equity Shares;General,10 Apr 2026,06/04/2026
513228,PENIND,Capital Goods,General;Preferential Issue of shares,10 Apr 2026,07/04/2026
532011,POOJAENT,Media  Entertainment & Publication,Audited Results;General,10 Apr 2026,06/04/2026
544627,PURPLEWAVE,Capital Goods,General,10 Apr 2026,10/04/2026
532918,RATHIBAR,Capital Goods,General,10 Apr 2026,06/04/2026
540175,REGENCY,Financial Services,General,10 Apr 2026,07/04/2026
543805,RESGEN,Oil  Gas & Consumable Fuels,General,10 Apr 2026,10/04/2026
512115,ROSEMER,Services,General,10 Apr 2026,10/04/2026
539378,SML,Healthcare,General,10 Apr 2026,10/04/2026
544285,SWIGGY,Consumer Services,General,10 Apr 2026,10/04/2026
539310,THINKINK,Media  Entertainment & Publication,General,10 Apr 2026,07/04/2026
521005,TITANIN,Information Technology,General,10 Apr 2026,10/04/2026
532402,USGTECH,Information Technology,General,10 Apr 2026,06/04/2026
511333,VLSFINANCE,Financial Services,General,10 Apr 2026,01/04/2026
530943,AQYLON,Media  Entertainment & Publication,Audited Results;General,11 Apr 2026,08/04/2026
531268,B2BSOFT,Information Technology,Audited Results;General,11 Apr 2026,06/04/2026
512169,CAPRICORN,Services,Amalgamation;General,11 Apr 2026,08/04/2026
539120,GRAMEVA,Forest Materials,General,11 Apr 2026,06/04/2026
544733,GSPCROP,Chemicals,Quarterly Results,11 Apr 2026,07/04/2026
533152,MBLINFRA,Construction,General;Preferential Issue of shares,11 Apr 2026,07/04/2026
538860,PANAFIC,Financial Services,Right Issue of Equity Shares;Rights Issue,11 Apr 2026,07/04/2026
532911,PARLEIND,Services,General,11 Apr 2026,08/04/2026
531039,SWADHATURE,Services,Audited Results,11 Apr 2026,06/04/2026
543930,URAVIDEF,Automobile and Auto Components,Quarterly Results,11 Apr 2026,08/04/2026
542655,VIKASLIFE,Services,Issue Of Warrants;General,11 Apr 2026,09/04/2026
515055,ANANTRAJ,Realty,Audited Results;Final Dividend,11 May 2026,09/04/2026
532668,AURIONPRO,Information Technology,Audited Results;Final Dividend,11 May 2026,10/04/2026
503960,BBL,Capital Goods,Audited Results;Final Dividend,12 May 2026,27/03/2026
509480,BERGEPAINT,Consumer Durables,Audited Results;Dividend,12 May 2026,01/04/2026
500124,DRREDDY,Healthcare,Audited Results;Quarterly Results,12 May 2026,23/03/2026
500150,FOSECOIND,Chemicals,Quarterly Results,12 May 2026,01/04/2026
500271,MFSL,Financial Services,Audited Results,12 May 2026,27/03/2026
500672,NOVARTIND,Healthcare,Audited Results,12 May 2026,01/04/2026
543927,ASIAN,Consumer Services,General,13 Apr 2026,13/04/2026
517429,ATHENAGLO,Information Technology,General,13 Apr 2026,13/04/2026
521137,EUREKAI,Fast Moving Consumer Goods,General,13 Apr 2026,08/04/2026
541546,GAYAHWS,Services,General,13 Apr 2026,13/04/2026
544658,ICICIAMC,Financial Services,Audited Results;Final Dividend;Quarterly Results,13 Apr 2026,27/03/2026
523465,INDBNK,Financial Services,Audited Results,13 Apr 2026,08/04/2026
544732,INNOVISION,Services,Quarterly Results,13 Apr 2026,08/04/2026
500306,JAYKAY,Capital Goods,General,13 Apr 2026,13/04/2026
535648,JUSTDIAL,Consumer Services,Audited Results;General;Quarterly Results,13 Apr 2026,07/04/2026
540515,KANUNGO,Financial Services,General,13 Apr 2026,06/04/2026
543526,LICI,Financial Services,Bonus issue,13 Apr 2026,07/04/2026
543904,MANKIND,Healthcare,General,13 Apr 2026,13/04/2026
502168,NCLIND,Construction Materials,General,13 Apr 2026,13/04/2026
532481,NOIDATOLL,Services,General,13 Apr 2026,09/04/2026
544456,RMDRIP,Capital Goods,General,13 Apr 2026,13/04/2026
530035,SANTOSHF,Textiles,General,13 Apr 2026,06/04/2026
539217,SRESTHA,Financial Services,General,13 Apr 2026,13/04/2026
500407,SWARAJENG,Capital Goods,Audited Results;Final Dividend,13 Apr 2026,01/04/2026
500087,CIPLA,Healthcare,Audited Results;Final Dividend;General;Quarterly Results,13 May 2026,01/04/2026
544530,ARSSBL,Financial Services,Audited Results;Final Dividend,14 Apr 2026,09/04/2026
533137,DEN,Media  Entertainment & Publication,Audited Results,14 Apr 2026,07/04/2026
523708,EIMCOELECO,Capital Goods,Audited Results;Final Dividend;General,14 Apr 2026,01/04/2026
509073,HATHWAYB,Media  Entertainment & Publication,Audited Results,14 Apr 2026,07/04/2026
540133,ICICIPRULI,Financial Services,Audited Results;Final Dividend;Quarterly Results,14 Apr 2026,27/03/2026
539679,KAPILRAJ,Financial Services,Audited Results,14 Apr 2026,07/04/2026
534615,NECCLTD,Services,Increase in Authorised Capital;General,14 Apr 2026,09/04/2026
533098,NHPC,Power,General,14 Apr 2026,09/04/2026
543334,NUVOCO,Construction Materials,Audited Results,14 Apr 2026,07/04/2026
539593,SHIVA,Financial Services,General,14 Apr 2026,08/04/2026
532874,SURYACHAKRA,Power,General;Quarterly Results,14 Apr 2026,07/04/2026
543241,VGIL,Realty,General,14 Apr 2026,13/04/2026
532749,ALLCARGO,Services,Audited Results,14 May 2026,27/03/2026
540153,ENDURANCE,Automobile and Auto Components,Audited Results;Final Dividend,14 May 2026,25/03/2026
500228,JSWSTEEL,Metals & Mining,Audited Results,14 May 2026,27/03/2026
520057,JTEKTINDIA,Automobile and Auto Components,Audited Results;Final Dividend;General;Quarterly Results,14 May 2026,09/04/2026
500460,MUKANDLTD,Metals & Mining,Audited Results;Final Dividend,14 May 2026,13/04/2026
526331,ADVMULT,Capital Goods,Preferential Issue of shares,15 Apr 2026,10/04/2026
504648,BOMBWIR,Capital Goods,Audited Results,15 Apr 2026,09/04/2026
531235,CITIPOR,Financial Services,Audited Results,15 Apr 2026,10/04/2026
531460,CONTICON,Capital Goods,Audited Results;General,15 Apr 2026,13/04/2026
531521,DESHRAK,Healthcare,General,15 Apr 2026,09/04/2026
505700,ELECON,Capital Goods,Audited Results;Final Dividend;General,15 Apr 2026,01/04/2026
524564,GAYATRIBI,Chemicals,General;Reduction of Capital,15 Apr 2026,08/04/2026
540602,GTPL,Media  Entertainment & Publication,Final Dividend;Quarterly Results,15 Apr 2026,08/04/2026
544429,HDBFS,Financial Services,Audited Results;Final Dividend;General,15 Apr 2026,25/03/2026
540716,ICICIGI,Financial Services,Audited Results;Final Dividend,15 Apr 2026,25/03/2026
523475,LOTUSCHO,Fast Moving Consumer Goods,Audited Results;Quarterly Results,15 Apr 2026,09/04/2026
512267,MMWL,Media  Entertainment & Publication,Audited Results,15 Apr 2026,09/04/2026
531272,NIKKIGL,Financial Services,Audited Results,15 Apr 2026,01/04/2026
533317,OMKARCHEM,Chemicals,General,15 Apr 2026,08/04/2026
500342,PRUDMOULI,Fast Moving Consumer Goods,General,15 Apr 2026,07/04/2026
544391,RETAGGIO,Consumer Durables,General,15 Apr 2026,10/04/2026
523445,RIIL,Services,Audited Results;Final Dividend,15 Apr 2026,08/04/2026
517166,SPELS,Capital Goods,General;Quarterly Results,15 Apr 2026,08/04/2026
543914,SWATIPRO,Financial Services,General,15 Apr 2026,07/04/2026
540595,TEJASNET,Telecommunication,Audited Results;Quarterly Results,15 Apr 2026,09/04/2026
532948,TULSI,Capital Goods,Quarterly Results,15 Apr 2026,07/04/2026
521176,GANGOTRI,Textiles,Audited Results,15 May 2026,08/04/2026
511676,GICHSGFIN,Financial Services,Audited Results;Final Dividend;General;Quarterly Results,15 May 2026,10/04/2026
505800,RANEHOLDIN,Financial Services,Audited Results,15 May 2026,01/04/2026
532515,TVTODAY,Media  Entertainment & Publication,Audited Results;Final Dividend,15 May 2026,27/03/2026
521070,ALOKINDS,Textiles,Audited Results,16 Apr 2026,
544743,AMIRCHAND,Fast Moving Consumer Goods,Quarterly Results,16 Apr 2026,
543235,ANGELONE,Financial Services,Audited Results,16 Apr 2026,
500092,CRISIL,Financial Services,Interim Dividend;Quarterly Results,16 Apr 2026,
504397,GANHOLD,Services,Audited Results,16 Apr 2026,
531739,GENNEX,Healthcare,General,16 Apr 2026,
541729,HDFCAMC,Financial Services,Audited Results;Final Dividend,16 Apr 2026,
540777,HDFCLIFE,Financial Services,Audited Results;Final Dividend;Preferential Issue of shares;Quarterly Results,16 Apr 2026,
532407,MOSCHIP,Information Technology,Preferential Issue of shares,16 Apr 2026,
544053,MOTISONS,Consumer Durables,General,16 Apr 2026,
541418,NGIL,Fast Moving Consumer Goods,General;Preferential Issue of shares,16 Apr 2026,
517230,PAEL,Automobile and Auto Components,Audited Results;Bonus issue;Final Dividend;Quarterly Results,16 Apr 2026,
532011,POOJAENT,"Media, Entertainment & Publication",General;Audited Results,16 Apr 2026,
531324,ROSELABS,Financial Services,Audited Results,16 Apr 2026,
539199,SGFIN,Financial Services,Audited Results,16 Apr 2026,
509966,VSTIND,Fast Moving Consumer Goods,Audited Results;Final Dividend,16 Apr 2026,
534618,WAAREERTL,Capital Goods,Audited Results,16 Apr 2026,
507685,WIPRO,Information Technology,Audited Results;Buy Back of Shares;Quarterly Results,16 Apr 2026,
544119,RPTECH,Information Technology,General,16 Apr 2026,
533229,BAJAJCON,Fast Moving Consumer Goods,Audited Results,17 Apr 2026,
532974,BIRLAMONEY,Financial Services,Audited Results,17 Apr 2026,
543843,COMMAND,Capital Goods,General,17 Apr 2026,
514402,ECOHOTELS,Consumer Services,Audited Results,17 Apr 2026,
533162,HATHWAY,"Media, Entertainment & Publication",Audited Results,17 Apr 2026,
509069,INFOMEDIA,"Media, Entertainment & Publication",Audited Results,17 Apr 2026,
543940,JIOFIN,Financial Services,Audited Results;Final Dividend,17 Apr 2026,
515093,MADHAV,Consumer Durables,General,17 Apr 2026,
523704,MASTEK,Information Technology,Audited Results;Final Dividend,17 Apr 2026,
504882,NATIONSTD,Realty,Audited Results,17 Apr 2026,
513119,ONIXSOLAR,Metals & Mining,General;Rights Issue,17 Apr 2026,
543625,SECURCRED,Services,Quarterly Results,17 Apr 2026,
509423,SEL,Realty,Audited Results,17 Apr 2026,
533156,VASCONEQ,Realty,General,17 Apr 2026,
543436,WITS,Information Technology,Audited Results;Preferential Issue of shares,17 Apr 2026,
536846,YURANUS,Construction,General;Audited Results;Final Dividend,17 Apr 2026,
502761,BLUBLND-B,Textiles,Quarterly Results,17 Apr 2026,
530249,BRIDGESE,Financial Services,General;Audited Results;Quarterly Results,17 Apr 2026,
532303,INTEGHIT,Information Technology,General;Quarterly Results,17 Apr 2026,
539435,RFSL,Financial Services,General,17 Apr 2026,
543329,WINDLAS,Healthcare,Buy Back of Shares,17 Apr 2026,
519353,BANSTEA,Fast Moving Consumer Goods,Audited Results,18 Apr 2026,
544678,BHARATCOAL,"Oil, Gas & Consumable Fuels",Audited Results;Quarterly Results,18 Apr 2026,
544170,DKUAL,Consumer Durables,General;Audited Results;Half Yearly Results,18 Apr 2026,
500180,HDFCBANK,Financial Services,General;Audited Results;Dividend,18 Apr 2026,
532174,ICICIBANK,Financial Services,General;Audited Results;Dividend,18 Apr 2026,
532798,NETWORK18,"Media, Entertainment & Publication",Audited Results,18 Apr 2026,
512461,PUNCTRD,Services,Audited Results,18 Apr 2026,13/04/2026
532354,VIRGOGLOB,Information Technology,Audited Results;Reduction of Capital,18 Apr 2026,10/04/2026
532648,YESBANK,Financial Services,Audited Results,18 Apr 2026,08/04/2026
544273,MGEL,Fast Moving Consumer Goods,General;Audited Results;Quarterly Results;Final Dividend,18 Apr 2026,
500042,BASF,Chemicals,Audited Results;Final Dividend,19 May 2026,30/03/2026
523398,BOSCH-HCIL,Consumer Durables,Audited Results,19 May 2026,13/04/2026
517344,MINDTECK,Information Technology,Audited Results;Dividend;General;Quarterly Results,19 May 2026,25/03/2026
514215,BINNY,Realty,Audited Results,20 Apr 2026,13/04/2026
543895,EXHICON,Consumer Services,General,20 Apr 2026,13/04/2026
534623,JUPITERIN,Consumer Services,Audited Results;Increase in Authorised Capital;Preferential Issue of shares,20 Apr 2026,13/04/2026
539332,NAVKARCORP,Services,Audited Results,20 Apr 2026,13/04/2026
532366,PNBGILTS,Financial Services,Audited Results;Final Dividend,20 Apr 2026,10/04/2026
540173,PNBHOUSING,Financial Services,Audited Results;Dividend,20 Apr 2026,01/04/2026
511563,SANCF,Services,General;Preferential Issue of shares,20 Apr 2026,06/04/2026
505192,SMLMAH,Capital Goods,Audited Results;Final Dividend,20 Apr 2026,01/04/2026
511742,UGROCAP,Financial Services,Audited Results;General,20 Apr 2026,13/04/2026
500530,BOSCHLTD,Automobile and Auto Components,Audited Results;Final Dividend;General,20 May 2026,25/03/2026
542772,360ONE,Financial Services,Audited Results,21 Apr 2026,07/04/2026
544739,CMPDI,Services,Final Dividend;Quarterly Results,21 Apr 2026,13/04/2026
543933,CYIENTDLM,Capital Goods,Audited Results;Quarterly Results,21 Apr 2026,07/04/2026
532281,HCLTECH,Information Technology,Audited Results;Interim Dividend,21 Apr 2026,24/03/2026
524322,KABRADG,Healthcare,General,21 Apr 2026,10/04/2026
500790,NESTLEIND,Fast Moving Consumer Goods,Audited Results;Final Dividend,21 Apr 2026,24/03/2026
500368,PATANJALI,Fast Moving Consumer Goods,Interim Dividend,21 Apr 2026,13/04/2026
533179,PERSISTENT,Information Technology,Audited Results;Final Dividend;General,21 Apr 2026,01/04/2026
501301,TATAINVEST,Financial Services,Audited Results;Final Dividend,21 Apr 2026,13/04/2026
523411,ADCINDIA,Telecommunication,Audited Results;Dividend,21 May 2026,30/03/2026
501150,CENTRUM,Financial Services,Audited Results;General,21 May 2026,27/03/2026
506597,AMAL,Chemicals,Audited Results,22 Apr 2026,27/03/2026
517354,HAVELLS,Consumer Durables,Audited Results;Final Dividend,22 Apr 2026,07/04/2026
540115,LTTS,Information Technology,Audited Results;Final Dividend,22 Apr 2026,08/04/2026
500266,MAHSCOOTER,Financial Services,Audited Results;Final Dividend,22 Apr 2026,07/04/2026
540719,SBILIFE,Financial Services,Audited Results;Quarterly Results,22 Apr 2026,10/04/2026
505650,SKYLMILAR,Realty,Audited Results,22 Apr 2026,13/04/2026
500483,TATACOMM,Telecommunication,Audited Results;Final Dividend,22 Apr 2026,13/04/2026
532755,TECHM,Information Technology,Audited Results;General;Quarterly Results,22 Apr 2026,01/04/2026
500440,HINDALCO,Metals & Mining,Audited Results;Final Dividend;Quarterly Results,22 May 2026,23/03/2026
544334,INDOBELL,Capital Goods,Audited Results;Final Dividend,22 May 2026,13/04/2026
517506,TTKPRESTIG,Consumer Durables,Audited Results;Final Dividend,22 May 2026,23/03/2026
539254,ADANIENSOL,Power,Audited Results,23 Apr 2026,02/04/2026
532756,CIEINDIA,Automobile and Auto Components,Quarterly Results,23 Apr 2026,27/03/2026
500209,INFY,Information Technology,Audited Results;Final Dividend,23 Apr 2026,16/03/2026
540005,LTM,Information Technology,Audited Results;Final Dividend,23 Apr 2026,06/04/2026
540768,MAHLOG,Services,Audited Results;Final Dividend;General,23 Apr 2026,27/03/2026
544574,TATACAP,Financial Services,Audited Results,23 Apr 2026,23/03/2026
543238,UTIAMC,Financial Services,Audited Results;Final Dividend;General,23 Apr 2026,20/03/2026
541450,ADANIGREEN,Power,Audited Results,24 Apr 2026,30/03/2026
500027,ATUL,Chemicals,Audited Results;Final Dividend,24 Apr 2026,27/03/2026
500110,CHENNPETRO,Oil  Gas & Consumable Fuels,Audited Results;Final Dividend,24 Apr 2026,13/04/2026
531306,DHPIND,Oil  Gas & Consumable Fuels,General,24 Apr 2026,07/04/2026
532187,INDUSINDBK,Financial Services,Audited Results;Final Dividend,24 Apr 2026,08/04/2026
524129,VINYLINDIA,Chemicals,Audited Results;Final Dividend,24 Apr 2026,09/04/2026
539437,IDFCFIRSTB,Financial Services,Audited Results,25 Apr 2026,27/03/2026
530005,INDIACEM,Construction Materials,Audited Results,25 Apr 2026,02/03/2026
543959,SBFC,Financial Services,Audited Results;General,25 Apr 2026,27/03/2026
500008,ARE&M,Automobile and Auto Components,Audited Results;Final Dividend,25 May 2026,27/03/2026
505355,NESCO,Services,Audited Results;Final Dividend,25 May 2026,08/04/2026
500307,NIRLON,Services,Audited Results;Final Dividend;General,25 May 2026,25/03/2026
532406,AVANTEL,Capital Goods,Audited Results;Final Dividend,26 Apr 2026,09/04/2026
500126,PGHL,Healthcare,Audited Results;Final Dividend,26 May 2026,27/03/2026
500414,TIMEX,Consumer Durables,Audited Results,26 May 2026,27/03/2026
542066,ATGL,Oil  Gas & Consumable Fuels,Audited Results;Dividend,27 Apr 2026,06/04/2026
544252,BAJAJHFL,Financial Services,Audited Results;Quarterly Results,27 Apr 2026,06/04/2026
533278,COALINDIA,Oil  Gas & Consumable Fuels,Audited Results;Final Dividend,27 Apr 2026,13/04/2026
544580,CRAMC,Financial Services,Audited Results,27 Apr 2026,27/03/2026
542011,GRSE,Capital Goods,Audited Results;Final Dividend,27 Apr 2026,13/04/2026
533088,MHRIL,Consumer Services,Audited Results,27 Apr 2026,01/04/2026
540767,NAM-INDIA,Financial Services,Audited Results;Final Dividend,27 Apr 2026,25/03/2026
531039,SWADHATURE,Services,A.G.M.,27 Apr 2026,13/04/2026
543596,TMB,Financial Services,Audited Results;Dividend,27 Apr 2026,08/04/2026
532538,ULTRACEMCO,Construction Materials,Audited Results;Final Dividend,27 Apr 2026,02/03/2026
500480,CUMMINSIND,Capital Goods,Audited Results;Final Dividend;Quarterly Results,27 May 2026,09/04/2026
500133,ESABINDIA,Capital Goods,Audited Results;Final Dividend,27 May 2026,25/03/2026
507815,GILLETTE,Fast Moving Consumer Goods,Audited Results;Final Dividend,27 May 2026,27/03/2026
506979,APTPACK,Capital Goods,Audited Results;General,28 Apr 2026,10/04/2026
541153,BANDHANBNK,Financial Services,Audited Results;Dividend,28 Apr 2026,13/04/2026
500870,CASTROLIND,Oil  Gas & Consumable Fuels,Quarterly Results,28 Apr 2026,07/04/2026
500878,CEATLTD,Automobile and Auto Components,General;Audited Results;Final Dividend,28 Apr 2026,06/04/2026
532180,DHANBANK,Financial Services,Audited Results,28 Apr 2026,13/04/2026
532313,MAHLIFE,Realty,Audited Results;Final Dividend,28 Apr 2026,27/03/2026
532500,MARUTI,Automobile and Auto Components,Audited Results;Final Dividend;Quarterly Results,28 Apr 2026,10/04/2026
543412,STARHEALTH,Financial Services,Audited Results,28 Apr 2026,30/03/2026
500459,PGHH,Fast Moving Consumer Goods,Audited Results;Final Dividend,28 May 2026,27/03/2026
526901,SONALAD,Chemicals,Audited Results,28 May 2026,27/03/2026
532268,ACCELYA,Information Technology,Quarterly Results,29 Apr 2026,13/04/2026
533096,ADANIPOWER,Power,Audited Results,29 Apr 2026,07/04/2026
500034,BAJFINANCE,Financial Services,Audited Results;Final Dividend;Quarterly Results,29 Apr 2026,06/04/2026
509438,BENARAS,Consumer Services,Audited Results;Final Dividend;General,29 Apr 2026,10/04/2026
544120,CAPITALSFB,Financial Services,Audited Results,29 Apr 2026,06/04/2026
509496,CEMPRO,Construction,Audited Results;Final Dividend,29 Apr 2026,10/04/2026
500469,FEDERALBNK,Financial Services,Audited Results;Final Dividend,29 Apr 2026,07/04/2026
509631,HEG,Capital Goods,Audited Results;Final Dividend,29 Apr 2026,06/04/2026
543720,KFINTECH,Financial Services,Audited Results,29 Apr 2026,27/03/2026
526299,MPHASIS,Information Technology,Audited Results;Final Dividend;Quarterly Results,29 Apr 2026,27/03/2026
532504,NAVINFLUOR,Chemicals,Audited Results;Final Dividend,29 Apr 2026,27/03/2026
532529,NDTV,Media  Entertainment & Publication,Audited Results,29 Apr 2026,06/04/2026
523638,IPRINGLTD,Automobile and Auto Components,Audited Results,29 May 2026,08/04/2026
530299,KOTHARIPRO,Services,Audited Results,29 May 2026,06/04/2026
543427,MEDPLUS,Consumer Services,Audited Results;Quarterly Results,29 May 2026,30/03/2026
521226,UNIROYAL,Textiles,Audited Results,29 May 2026,07/04/2026
532921,ADANIPORTS,Services,Audited Results;Final Dividend,30 Apr 2026,13/04/2026
532978,BAJAJFINSV,Financial Services,Audited Results;Final Dividend;Quarterly Results,30 Apr 2026,06/04/2026
511243,CHOLAFIN,Financial Services,Audited Results,30 Apr 2026,06/04/2026
540743,GODREJAGRO,Fast Moving Consumer Goods,Audited Results;Final Dividend,30 Apr 2026,06/04/2026
500696,HINDUNILVR,Fast Moving Consumer Goods,Audited Results;Final Dividend,30 Apr 2026,02/04/2026
543599,KSOLVES,Information Technology,Audited Results,30 Apr 2026,10/04/2026
539524,LALPATHLAB,Healthcare,Audited Results;General,30 Apr 2026,27/03/2026
540222,LAURUSLABS,Healthcare,Audited Results;Interim Dividend,30 Apr 2026,09/04/2026
544467,NSDL,Financial Services,Audited Results;Final Dividend;Quarterly Results,30 Apr 2026,09/04/2026
540544,PSPPROJECT,Construction,Audited Results;General,30 Apr 2026,09/04/2026
539149,ICSL,Services,Audited Results;Quarterly Results,30 May 2026,01/04/2026
530125,SAMRATPH,Healthcare,Audited Results,30 May 2026,25/03/2026
1 2 3 4 5 6 7 8 9 10 ...,1,2,3,4,
1,2,3,4,5,
